{
  "schemaVersion": 1,
  "id": "modid",
  "version": "${version}",

  "name": "Cool Stuffs mod",
  "description": "Advanced survival mode all-in-one mod",
  "authors": [
    "Shadichy, CongDuy2005"
  ],
  "contact": {
    "homepage": "https://shadichy.github.io/nkv/",
    "sources": "https://github.com/shadichy/csmod"
  },

  "license": "CC0-1.0",
  "icon": "assets/modid/icon.png",

  "environment": "*",
  "entrypoints": {
    "main": [
      "net.nkv.cs.ExampleMod"
    ]
  },
  "mixins": [
    "modid.mixins.json"
  ],

  "depends": {
    "fabricloader": ">=0.7.4",
    "fabric": "*",
    "minecraft": "1.16.x"
  },
  "suggests": {
    "another-mod": "*"
  }
}
